Timestamp,UTC,Callsign,Longitude,Latitude,Altitude,Speed,Direction
1665913935,2022-10-16T09:52:15Z,TOM4EW,28.949089,-13.608047,0,0,295
1665914016,2022-10-16T09:53:36Z,TOM4EW,28.949009,-13.607846,0,2,289
1665914039,2022-10-16T09:53:59Z,TOM4EW,28.948952,-13.607631,0,1,292
1665914067,2022-10-16T09:54:27Z,TOM4EW,28.94887,-13.607415,0,1,317
1665914105,2022-10-16T09:55:05Z,TOM4EW,28.948666,-13.607267,0,1,14
1665914270,2022-10-16T09:57:50Z,TOM4EW,28.948883,-13.607096,0,8,28
1665914278,2022-10-16T09:57:58Z,TOM4EW,28.949068,-13.60677,0,10,75
1665914283,2022-10-16T09:58:03Z,TOM4EW,28.949009,-13.606514,0,10,106
1665914288,2022-10-16T09:58:08Z,TOM4EW,28.948915,-13.606271,0,11,112
1665914292,2022-10-16T09:58:12Z,TOM4EW,28.948814,-13.606039,0,11,115
1665914296,2022-10-16T09:58:16Z,TOM4EW,28.948677,-13.605815,0,12,129
1665914300,2022-10-16T09:58:20Z,TOM4EW,28.948475,-13.60572,0,13,160
1665914304,2022-10-16T09:58:24Z,TOM4EW,28.948229,-13.60576,0,13,191
1665914308,2022-10-16T09:58:28Z,TOM4EW,28.947979,-13.605854,0,14,205
1665914312,2022-10-16T09:58:32Z,TOM4EW,28.947727,-13.606,0,15,208
1665914316,2022-10-16T09:58:36Z,TOM4EW,28.947464,-13.606158,0,16,208
1665914319,2022-10-16T09:58:39Z,TOM4EW,28.947252,-13.606271,0,17,205
1665914324,2022-10-16T09:58:44Z,TOM4EW,28.94688,-13.606488,0,17,205
1665914330,2022-10-16T09:58:50Z,TOM4EW,28.946434,-13.606739,0,19,208
1665914336,2022-10-16T09:58:56Z,TOM4EW,28.945913,-13.607052,0,20,205
1665914342,2022-10-16T09:59:02Z,TOM4EW,28.945402,-13.607348,0,21,208
1665914348,2022-10-16T09:59:08Z,TOM4EW,28.944809,-13.60769,0,22,205
1665914354,2022-10-16T09:59:14Z,TOM4EW,28.944239,-13.608022,0,23,208
1665914360,2022-10-16T09:59:20Z,TOM4EW,28.943644,-13.608372,0,24,205
1665914367,2022-10-16T09:59:27Z,TOM4EW,28.942993,-13.608748,0,24,205
1665914373,2022-10-16T09:59:33Z,TOM4EW,28.942429,-13.609063,0,24,205
1665914378,2022-10-16T09:59:38Z,TOM4EW,28.941822,-13.60942,0,24,208
1665914384,2022-10-16T09:59:44Z,TOM4EW,28.941181,-13.609802,0,25,205
1665914391,2022-10-16T09:59:51Z,TOM4EW,28.940468,-13.610203,0,26,205
1665914397,2022-10-16T09:59:57Z,TOM4EW,28.939842,-13.610568,0,25,205
1665914403,2022-10-16T10:00:03Z,TOM4EW,28.93927,-13.610899,0,23,205
1665914409,2022-10-16T10:00:09Z,TOM4EW,28.938721,-13.611213,0,21,205
1665914415,2022-10-16T10:00:15Z,TOM4EW,28.93828,-13.611482,0,16,208
1665914421,2022-10-16T10:00:21Z,TOM4EW,28.937929,-13.611684,0,14,205
1665914427,2022-10-16T10:00:27Z,TOM4EW,28.937639,-13.611845,0,11,205
1665914433,2022-10-16T10:00:33Z,TOM4EW,28.937428,-13.611955,0,8,205
1665914440,2022-10-16T10:00:40Z,TOM4EW,28.937208,-13.612087,0,7,205
1665914453,2022-10-16T10:00:53Z,TOM4EW,28.936998,-13.612195,0,2,199
1665914510,2022-10-16T10:01:50Z,TOM4EW,28.936777,-13.612222,0,0,180
1665914519,2022-10-16T10:01:59Z,TOM4EW,28.936556,-13.612074,0,8,143
1665914526,2022-10-16T10:02:06Z,TOM4EW,28.936359,-13.611737,0,11,116
1665914529,2022-10-16T10:02:09Z,TOM4EW,28.936277,-13.611535,0,12,118
1665914534,2022-10-16T10:02:14Z,TOM4EW,28.936169,-13.611295,0,12,118
1665914538,2022-10-16T10:02:18Z,TOM4EW,28.936066,-13.611071,0,12,118
1665914543,2022-10-16T10:02:23Z,TOM4EW,28.935963,-13.610859,0,9,112
1665914551,2022-10-16T10:02:31Z,TOM4EW,28.93609,-13.610647,0,6,45
1665914622,2022-10-16T10:03:42Z,TOM4EW,28.936348,-13.610526,0,10,25
1665914628,2022-10-16T10:03:48Z,TOM4EW,28.937336,-13.609947,0,42,25
1665914633,2022-10-16T10:03:53Z,TOM4EW,28.939047,-13.608951,0,74,25
1665914641,2022-10-16T10:04:01Z,TOM4EW,28.941898,-13.607322,0,107,27
1665914647,2022-10-16T10:04:07Z,TOM4EW,28.945158,-13.605436,0,139,26
1665914653,2022-10-16T10:04:13Z,TOM4EW,28.948742,-13.603336,25,158,27
1665914659,2022-10-16T10:04:19Z,TOM4EW,28.953461,-13.600652,150,174,26
1665914665,2022-10-16T10:04:25Z,TOM4EW,28.958038,-13.598169,450,175,25
1665914671,2022-10-16T10:04:31Z,TOM4EW,28.962616,-13.595793,800,174,24
1665914677,2022-10-16T10:04:37Z,TOM4EW,28.967194,-13.593046,1125,175,29
1665914680,2022-10-16T10:04:40Z,TOM4EW,28.969345,-13.591514,1275,175,31
1665914683,2022-10-16T10:04:43Z,TOM4EW,28.971405,-13.589824,1375,176,34
1665914686,2022-10-16T10:04:46Z,TOM4EW,28.973368,-13.588149,1475,178,36
1665914689,2022-10-16T10:04:49Z,TOM4EW,28.975323,-13.586426,1550,181,37
1665914693,2022-10-16T10:04:53Z,TOM4EW,28.977493,-13.584489,1625,185,38
1665914696,2022-10-16T10:04:56Z,TOM4EW,28.979559,-13.582548,1675,190,39
1665914699,2022-10-16T10:04:59Z,TOM4EW,28.981888,-13.58034,1725,195,39
1665914702,2022-10-16T10:05:02Z,TOM4EW,28.983765,-13.578467,1775,200,40
1665914705,2022-10-16T10:05:05Z,TOM4EW,28.986309,-13.575978,1825,205,40
1665914708,2022-10-16T10:05:08Z,TOM4EW,28.988405,-13.573877,1900,209,41
1665914711,2022-10-16T10:05:11Z,TOM4EW,28.990452,-13.571885,1950,215,41
1665914714,2022-10-16T10:05:14Z,TOM4EW,28.992826,-13.569462,2000,219,41
1665914717,2022-10-16T10:05:17Z,TOM4EW,28.994888,-13.567429,2050,225,41
1665914726,2022-10-16T10:05:26Z,TOM4EW,29.003036,-13.560034,2350,237,37
1665914734,2022-10-16T10:05:34Z,TOM4EW,29.010132,-13.553748,2675,242,37
1665914742,2022-10-16T10:05:42Z,TOM4EW,29.016848,-13.546789,2925,254,43
1665914747,2022-10-16T10:05:47Z,TOM4EW,29.020851,-13.541942,3125,258,47
1665914750,2022-10-16T10:05:50Z,TOM4EW,29.023041,-13.53896,3250,261,49
1665914752,2022-10-16T10:05:52Z,TOM4EW,29.025375,-13.535579,3375,262,51
1665914755,2022-10-16T10:05:55Z,TOM4EW,29.026886,-13.533202,3500,264,52
1665914758,2022-10-16T10:05:58Z,TOM4EW,29.02923,-13.529663,3650,264,53
1665914761,2022-10-16T10:06:01Z,TOM4EW,29.031464,-13.526282,3800,265,52
1665914764,2022-10-16T10:06:04Z,TOM4EW,29.033607,-13.523147,3950,266,52
1665914767,2022-10-16T10:06:07Z,TOM4EW,29.036041,-13.519522,4100,268,52
1665914770,2022-10-16T10:06:10Z,TOM4EW,29.038309,-13.516146,4250,270,52
1665914776,2022-10-16T10:06:16Z,TOM4EW,29.043365,-13.509539,4550,271,48
1665914779,2022-10-16T10:06:19Z,TOM4EW,29.046175,-13.506614,4725,273,42
1665914783,2022-10-16T10:06:23Z,TOM4EW,29.050505,-13.503221,4925,274,35
1665914786,2022-10-16T10:06:26Z,TOM4EW,29.053986,-13.501246,5100,274,28
1665914789,2022-10-16T10:06:29Z,TOM4EW,29.056976,-13.499935,5250,277,21
1665914792,2022-10-16T10:06:32Z,TOM4EW,29.061447,-13.498816,5425,278,14
1665914795,2022-10-16T10:06:35Z,TOM4EW,29.06531,-13.498212,5600,280,7
1665914798,2022-10-16T10:06:38Z,TOM4EW,29.068863,-13.497866,5750,282,5
1665914801,2022-10-16T10:06:41Z,TOM4EW,29.072708,-13.497813,5900,284,1
1665914803,2022-10-16T10:06:43Z,TOM4EW,29.076668,-13.497835,6025,286,1
1665914806,2022-10-16T10:06:46Z,TOM4EW,29.080444,-13.497866,6175,288,359
1665914810,2022-10-16T10:06:50Z,TOM4EW,29.08461,-13.497813,6325,290,359
1665914813,2022-10-16T10:06:53Z,TOM4EW,29.08919,-13.497673,6450,291,1
1665914813,2022-10-16T10:06:53Z,TOM4EW,29.089981,-13.49762,6500,292,1
1665914817,2022-10-16T10:06:57Z,TOM4EW,29.094086,-13.497443,6625,293,2
1665914818,2022-10-16T10:06:58Z,TOM4EW,29.096283,-13.497285,6700,293,2
1665914822,2022-10-16T10:07:02Z,TOM4EW,29.101776,-13.496968,6850,297,3
1665914834,2022-10-16T10:07:14Z,TOM4EW,29.118565,-13.495681,7350,302,3
1665914847,2022-10-16T10:07:27Z,TOM4EW,29.136766,-13.494226,7950,310,4
1665914858,2022-10-16T10:07:38Z,TOM4EW,29.152361,-13.492934,8375,316,4
1665914870,2022-10-16T10:07:50Z,TOM4EW,29.170166,-13.491528,8625,331,3
1665914882,2022-10-16T10:08:02Z,TOM4EW,29.189621,-13.490049,8850,350,3
1665914894,2022-10-16T10:08:14Z,TOM4EW,29.210083,-13.488517,9325,357,3
1665914906,2022-10-16T10:08:26Z,TOM4EW,29.228851,-13.487144,9975,359,3
1665914917,2022-10-16T10:08:37Z,TOM4EW,29.246841,-13.485824,10425,364,3
1665914930,2022-10-16T10:08:50Z,TOM4EW,29.27107,-13.484048,11000,370,3
1665914943,2022-10-16T10:09:03Z,TOM4EW,29.293533,-13.482443,11725,370,3
1665914955,2022-10-16T10:09:15Z,TOM4EW,29.313711,-13.480979,12425,368,3
1665914985,2022-10-16T10:09:45Z,TOM4EW,29.365757,-13.477155,13875,373,3
1665915019,2022-10-16T10:10:19Z,TOM4EW,29.424273,-13.473008,15300,382,3
1665915052,2022-10-16T10:10:52Z,TOM4EW,29.483231,-13.476421,16750,386,355
1665915085,2022-10-16T10:11:25Z,TOM4EW,29.543354,-13.481948,18175,390,355
1665915149,2022-10-16T10:12:29Z,TOM4EW,29.658234,-13.49269,20750,396,355
1665915209,2022-10-16T10:13:29Z,TOM4EW,29.770342,-13.503113,22950,401,355
1665915273,2022-10-16T10:14:33Z,TOM4EW,29.88858,-13.514187,25100,404,355
1665915336,2022-10-16T10:15:36Z,TOM4EW,30.008194,-13.525624,26525,419,355
1665915387,2022-10-16T10:16:27Z,TOM4EW,30.106705,-13.530417,27625,432,6
1665915390,2022-10-16T10:16:30Z,TOM4EW,30.113432,-13.529388,27675,432,7
1665915393,2022-10-16T10:16:33Z,TOM4EW,30.118973,-13.528316,27750,432,9
1665915396,2022-10-16T10:16:36Z,TOM4EW,30.125675,-13.526807,27850,433,11
1665915399,2022-10-16T10:16:39Z,TOM4EW,30.130564,-13.525488,27925,434,12
1665915402,2022-10-16T10:16:42Z,TOM4EW,30.136801,-13.523676,28000,434,13
1665915405,2022-10-16T10:16:45Z,TOM4EW,30.142061,-13.521973,28050,435,15
1665915408,2022-10-16T10:16:48Z,TOM4EW,30.147648,-13.519995,28150,435,16
1665915411,2022-10-16T10:16:51Z,TOM4EW,30.153189,-13.517797,28225,435,17
1665915414,2022-10-16T10:16:54Z,TOM4EW,30.160355,-13.514746,28325,435,20
1665915417,2022-10-16T10:16:57Z,TOM4EW,30.164919,-13.512799,28400,435,20
1665915419,2022-10-16T10:16:59Z,TOM4EW,30.168869,-13.511137,28450,435,20
1665915422,2022-10-16T10:17:02Z,TOM4EW,30.174555,-13.508789,28550,434,20
1665915486,2022-10-16T10:18:06Z,TOM4EW,30.297592,-13.458036,30200,435,19
1665915548,2022-10-16T10:19:08Z,TOM4EW,30.414858,-13.409307,31800,429,19
1665915611,2022-10-16T10:20:11Z,TOM4EW,30.531658,-13.360529,33025,431,19
1665915673,2022-10-16T10:21:13Z,TOM4EW,30.65111,-13.31109,33725,444,19
1665915735,2022-10-16T10:22:15Z,TOM4EW,30.772705,-13.260773,34250,458,19
1665915795,2022-10-16T10:23:15Z,TOM4EW,30.894114,-13.209851,34975,466,19
1665915860,2022-10-16T10:24:20Z,TOM4EW,31.024088,-13.154974,36025,458,19
1665915923,2022-10-16T10:25:23Z,TOM4EW,31.149685,-13.101965,36000,457,20
1665915984,2022-10-16T10:26:24Z,TOM4EW,31.270163,-13.050989,36000,456,20
1665916047,2022-10-16T10:27:27Z,TOM4EW,31.394829,-12.995123,36000,458,20
1665916110,2022-10-16T10:28:30Z,TOM4EW,31.52005,-12.941679,36000,459,20
1665916173,2022-10-16T10:29:33Z,TOM4EW,31.648453,-12.887232,36000,461,19
1665916237,2022-10-16T10:30:37Z,TOM4EW,31.775208,-12.832855,36000,462,20
1665916300,2022-10-16T10:31:40Z,TOM4EW,31.9021,-12.778473,36000,462,20
1665916363,2022-10-16T10:32:43Z,TOM4EW,32.030594,-12.723064,36000,464,20
1665916424,2022-10-16T10:33:44Z,TOM4EW,32.152187,-12.670207,36000,466,20
1665916485,2022-10-16T10:34:45Z,TOM4EW,32.27639,-12.616284,36000,468,20
1665916547,2022-10-16T10:35:47Z,TOM4EW,32.403214,-12.560888,36000,470,20
1665916610,2022-10-16T10:36:50Z,TOM4EW,32.532009,-12.504851,36000,470,20
1665916671,2022-10-16T10:37:51Z,TOM4EW,32.656357,-12.450366,36000,470,20
1665916734,2022-10-16T10:38:54Z,TOM4EW,32.784531,-12.393786,36000,469,20
1665916795,2022-10-16T10:39:55Z,TOM4EW,32.908054,-12.339384,36000,468,20
1665916858,2022-10-16T10:40:58Z,TOM4EW,33.036713,-12.28255,36000,468,20
1665916921,2022-10-16T10:42:01Z,TOM4EW,33.165848,-12.225311,36000,469,20
1665916984,2022-10-16T10:43:04Z,TOM4EW,33.293369,-12.168535,36000,472,20
1665917045,2022-10-16T10:44:05Z,TOM4EW,33.418362,-12.112763,36000,474,20
1665917108,2022-10-16T10:45:08Z,TOM4EW,33.549358,-12.054234,36000,476,20
1665917171,2022-10-16T10:46:11Z,TOM4EW,33.679565,-11.995983,36000,477,20
1665917232,2022-10-16T10:47:12Z,TOM4EW,33.804886,-11.939224,36000,479,20
1665917295,2022-10-16T10:48:15Z,TOM4EW,33.935577,-11.880033,36000,480,20
1665917621,2022-10-16T10:53:41Z,TOM4EW,34.610092,-11.57163,36000,475,20
1665917711,2022-10-16T10:55:11Z,TOM4EW,34.793701,-11.48695,36000,472,21
1665917774,2022-10-16T10:56:14Z,TOM4EW,34.918259,-11.429256,36000,470,20
1665917837,2022-10-16T10:57:17Z,TOM4EW,35.050438,-11.36816,36000,468,20
1665917898,2022-10-16T10:58:18Z,TOM4EW,35.171055,-11.311684,36000,467,21
1665917960,2022-10-16T10:59:20Z,TOM4EW,35.297817,-11.252046,36000,466,21
1665918023,2022-10-16T11:00:23Z,TOM4EW,35.425278,-11.192036,36000,465,21
1665918086,2022-10-16T11:01:26Z,TOM4EW,35.552399,-11.132126,36000,470,21
1665918147,2022-10-16T11:02:27Z,TOM4EW,35.675632,-11.074219,36000,471,21
1665918209,2022-10-16T11:03:29Z,TOM4EW,35.80275,-11.01368,36000,471,21
1665918272,2022-10-16T11:04:32Z,TOM4EW,35.930511,-10.953026,36000,470,21
1665918305,2022-10-16T11:05:05Z,TOM4EW,35.999863,-10.928192,36000,470,11
1665918308,2022-10-16T11:05:08Z,TOM4EW,36.005455,-10.926897,36000,470,10
1665918368,2022-10-16T11:06:08Z,TOM4EW,36.135727,-10.896149,36000,470,10
1665918431,2022-10-16T11:07:11Z,TOM4EW,36.270355,-10.864677,36000,468,10
1665918494,2022-10-16T11:08:14Z,TOM4EW,36.402874,-10.833338,36000,467,10
1665918556,2022-10-16T11:09:16Z,TOM4EW,36.530983,-10.801547,36000,471,11
1665918617,2022-10-16T11:10:17Z,TOM4EW,36.665451,-10.768261,36000,473,11
1665918680,2022-10-16T11:11:20Z,TOM4EW,36.801453,-10.734519,36000,474,11
1665918743,2022-10-16T11:12:23Z,TOM4EW,36.936356,-10.701093,36000,476,11
1665918803,2022-10-16T11:13:23Z,TOM4EW,37.068283,-10.667842,36000,478,11
1665918867,2022-10-16T11:14:27Z,TOM4EW,37.203827,-10.633772,36000,478,11
1665918929,2022-10-16T11:15:29Z,TOM4EW,37.342255,-10.598768,36000,478,11
1665918992,2022-10-16T11:16:32Z,TOM4EW,37.478088,-10.564548,36000,472,11
1665919056,2022-10-16T11:17:36Z,TOM4EW,37.613846,-10.53022,36000,470,11
1665919118,2022-10-16T11:18:38Z,TOM4EW,37.745728,-10.496676,36000,469,11
1665919181,2022-10-16T11:19:41Z,TOM4EW,37.877655,-10.462783,36000,467,11
1665919244,2022-10-16T11:20:44Z,TOM4EW,38.012695,-10.428071,36000,467,11
1665919306,2022-10-16T11:21:46Z,TOM4EW,38.143646,-10.3945,36000,467,11
1665919368,2022-10-16T11:22:48Z,TOM4EW,38.275902,-10.360287,36000,470,11
1665919430,2022-10-16T11:23:50Z,TOM4EW,38.409321,-10.325656,36000,471,11
1665919490,2022-10-16T11:24:50Z,TOM4EW,38.537567,-10.292279,36000,472,11
1665919554,2022-10-16T11:25:54Z,TOM4EW,38.673271,-10.256531,36000,472,11
1665919614,2022-10-16T11:26:54Z,TOM4EW,38.802246,-10.222958,36000,469,11
1665919678,2022-10-16T11:27:58Z,TOM4EW,38.937057,-10.18749,36000,468,11
1665919741,2022-10-16T11:29:01Z,TOM4EW,39.071945,-10.151489,36000,469,11
1665919804,2022-10-16T11:30:04Z,TOM4EW,39.20583,-10.116089,36000,472,11
1665919865,2022-10-16T11:31:05Z,TOM4EW,39.334873,-10.081787,36000,473,11
1665919928,2022-10-16T11:32:08Z,TOM4EW,39.471504,-10.045288,36000,475,11
1665919991,2022-10-16T11:33:11Z,TOM4EW,39.608551,-10.008246,36000,477,11
1665920054,2022-10-16T11:34:14Z,TOM4EW,39.745415,-9.97113,36000,479,11
1665920117,2022-10-16T11:35:17Z,TOM4EW,39.881699,-9.934327,36000,478,11
1665920180,2022-10-16T11:36:20Z,TOM4EW,40.017422,-9.897683,36000,477,11
1665920243,2022-10-16T11:37:23Z,TOM4EW,40.154343,-9.860413,36000,479,11
1665920303,2022-10-16T11:38:23Z,TOM4EW,40.285049,-9.824274,36000,479,11
1665920365,2022-10-16T11:39:25Z,TOM4EW,40.418884,-9.787415,36000,480,11
1665920430,2022-10-16T11:40:30Z,TOM4EW,40.558125,-9.748931,36000,481,11
1665920490,2022-10-16T11:41:30Z,TOM4EW,40.691025,-9.712036,36000,481,11
1665920553,2022-10-16T11:42:33Z,TOM4EW,40.828918,-9.673524,36000,483,12
1665920614,2022-10-16T11:43:34Z,TOM4EW,40.962757,-9.635946,36000,486,11
1665920677,2022-10-16T11:44:37Z,TOM4EW,41.101273,-9.59729,36000,487,11
1665920737,2022-10-16T11:45:37Z,TOM4EW,41.234665,-9.559692,36000,489,12
1665920801,2022-10-16T11:46:41Z,TOM4EW,41.373859,-9.520215,36000,490,12
1665920864,2022-10-16T11:47:44Z,TOM4EW,41.51482,-9.479987,36000,490,12
1665920927,2022-10-16T11:48:47Z,TOM4EW,41.655121,-9.440002,36000,492,12
1665920989,2022-10-16T11:49:49Z,TOM4EW,41.792549,-9.395163,36000,498,18
1665921051,2022-10-16T11:50:51Z,TOM4EW,41.927536,-9.334197,36000,498,18
1665921113,2022-10-16T11:51:53Z,TOM4EW,42.064728,-9.272648,36000,500,18
1665921177,2022-10-16T11:52:57Z,TOM4EW,42.204956,-9.209034,36000,499,18
1665921239,2022-10-16T11:53:59Z,TOM4EW,42.339386,-9.147803,36000,500,18
1665921302,2022-10-16T11:55:02Z,TOM4EW,42.477173,-9.084695,36000,500,18
1665921362,2022-10-16T11:56:02Z,TOM4EW,42.610054,-9.023608,36000,500,18
1665921424,2022-10-16T11:57:04Z,TOM4EW,42.745422,-8.961286,36000,504,18
1665921485,2022-10-16T11:58:05Z,TOM4EW,42.880245,-8.898992,36000,506,18
1665921548,2022-10-16T11:59:08Z,TOM4EW,43.021637,-8.8332,36000,512,18
1665921610,2022-10-16T12:00:10Z,TOM4EW,43.159927,-8.768048,36000,510,19
1665921671,2022-10-16T12:01:11Z,TOM4EW,43.295212,-8.704442,36000,509,18
1665921732,2022-10-16T12:02:12Z,TOM4EW,43.43042,-8.640683,36000,511,18
1665921794,2022-10-16T12:03:14Z,TOM4EW,43.570862,-8.574254,36000,512,19
1665921856,2022-10-16T12:04:16Z,TOM4EW,43.708786,-8.508272,36000,513,19
1665921917,2022-10-16T12:05:17Z,TOM4EW,43.845272,-8.443124,36000,514,19
1665921980,2022-10-16T12:06:20Z,TOM4EW,43.986279,-8.375244,36000,513,19
1665922040,2022-10-16T12:07:20Z,TOM4EW,44.122192,-8.309369,36000,514,19
1665922104,2022-10-16T12:08:24Z,TOM4EW,44.262844,-8.240952,36000,517,19
1665922167,2022-10-16T12:09:27Z,TOM4EW,44.406971,-8.170479,36000,520,19
1665922229,2022-10-16T12:10:29Z,TOM4EW,44.547325,-8.101278,36000,521,19
1665922289,2022-10-16T12:11:29Z,TOM4EW,44.684002,-8.033886,36000,522,19
1665922351,2022-10-16T12:12:31Z,TOM4EW,44.827194,-7.962864,36000,524,19
1665922415,2022-10-16T12:13:35Z,TOM4EW,44.972992,-7.89008,36000,525,19
1665922476,2022-10-16T12:14:36Z,TOM4EW,45.11412,-7.829525,36000,525,16
1665922537,2022-10-16T12:15:37Z,TOM4EW,45.258133,-7.772559,36000,522,15
1665922599,2022-10-16T12:16:39Z,TOM4EW,45.400269,-7.716392,36000,522,15
1665922662,2022-10-16T12:17:42Z,TOM4EW,45.548401,-7.656801,36000,524,15
1665922723,2022-10-16T12:18:43Z,TOM4EW,45.689438,-7.600127,36000,526,15
1665922786,2022-10-16T12:19:46Z,TOM4EW,45.837433,-7.540238,36000,528,15
1665922818,2022-10-16T12:20:18Z,TOM4EW,45.91008,-7.510562,36000,530,15
1665922905,2022-10-16T12:21:45Z,TOM4EW,46.11404,-7.426895,36000,532,15
1665922919,2022-10-16T12:21:59Z,TOM4EW,46.150223,-7.41202,36000,532,15
1665923005,2022-10-16T12:23:25Z,TOM4EW,46.349735,-7.329941,36000,533,16
1665923068,2022-10-16T12:24:28Z,TOM4EW,46.503296,-7.266183,36000,534,15
1665923128,2022-10-16T12:25:28Z,TOM4EW,46.646458,-7.206482,36000,536,16
1665923190,2022-10-16T12:26:30Z,TOM4EW,46.792961,-7.145164,36000,536,16
1665923250,2022-10-16T12:27:30Z,TOM4EW,46.936981,-7.084053,36000,537,16
1665923312,2022-10-16T12:28:32Z,TOM4EW,47.084888,-7.021109,36000,538,16
1665923374,2022-10-16T12:29:34Z,TOM4EW,47.228783,-6.959839,36000,539,16
1665923439,2022-10-16T12:30:39Z,TOM4EW,47.384777,-6.892372,36000,542,16
1665923502,2022-10-16T12:31:42Z,TOM4EW,47.5383,-6.826355,36000,541,16
1665923564,2022-10-16T12:32:44Z,TOM4EW,47.689091,-6.761099,36000,543,16
1665923627,2022-10-16T12:33:47Z,TOM4EW,47.840698,-6.694588,36000,546,16
1665923688,2022-10-16T12:34:48Z,TOM4EW,47.986908,-6.6297,36000,547,16
1665923750,2022-10-16T12:35:50Z,TOM4EW,48.140228,-6.561796,36000,549,16
1665923812,2022-10-16T12:36:52Z,TOM4EW,48.290218,-6.495088,36000,549,16
1665923873,2022-10-16T12:37:53Z,TOM4EW,48.437485,-6.428974,36000,550,16
1665923935,2022-10-16T12:38:55Z,TOM4EW,48.590389,-6.359928,36000,550,16
1665923999,2022-10-16T12:39:59Z,TOM4EW,48.744801,-6.289962,36000,549,16
1665924060,2022-10-16T12:41:00Z,TOM4EW,48.892319,-6.222558,36000,546,16
1665924123,2022-10-16T12:42:03Z,TOM4EW,49.04525,-6.152488,36000,546,17
1665924144,2022-10-16T12:42:24Z,TOM4EW,49.094604,-6.120793,36000,555,26
1665924147,2022-10-16T12:42:27Z,TOM4EW,49.100922,-6.115511,36000,556,28
1665924150,2022-10-16T12:42:30Z,TOM4EW,49.107632,-6.109555,36000,557,30
1665924153,2022-10-16T12:42:33Z,TOM4EW,49.114891,-6.102761,36000,558,31
1665924156,2022-10-16T12:42:36Z,TOM4EW,49.120712,-6.096979,36000,559,32
1665924159,2022-10-16T12:42:39Z,TOM4EW,49.127789,-6.089606,36000,560,34
1665924162,2022-10-16T12:42:42Z,TOM4EW,49.134109,-6.082693,36000,561,35
1665924165,2022-10-16T12:42:45Z,TOM4EW,49.140308,-6.075584,36000,561,36
1665924168,2022-10-16T12:42:48Z,TOM4EW,49.145802,-6.068934,36000,561,37
1665924171,2022-10-16T12:42:51Z,TOM4EW,49.151779,-6.061355,36000,561,39
1665924174,2022-10-16T12:42:54Z,TOM4EW,49.157673,-6.053539,36000,561,40
1665924177,2022-10-16T12:42:57Z,TOM4EW,49.163818,-6.045086,36000,562,41
1665924180,2022-10-16T12:43:00Z,TOM4EW,49.169678,-6.036565,36000,563,43
1665924182,2022-10-16T12:43:02Z,TOM4EW,49.17392,-6.030193,36000,563,43
1665924186,2022-10-16T12:43:06Z,TOM4EW,49.175766,-6.02741,36000,562,44
1665924249,2022-10-16T12:44:09Z,TOM4EW,49.297981,-5.845088,36000,564,44
1665924312,2022-10-16T12:45:12Z,TOM4EW,49.414268,-5.668584,33625,568,44
1665924373,2022-10-16T12:46:13Z,TOM4EW,49.528137,-5.496282,31200,557,44
1665924435,2022-10-16T12:47:15Z,TOM4EW,49.639164,-5.326662,28375,551,45
1665924495,2022-10-16T12:48:15Z,TOM4EW,49.747742,-5.158587,25250,546,45
1665924558,2022-10-16T12:49:18Z,TOM4EW,49.856655,-4.989129,22300,524,45
1665924621,2022-10-16T12:50:21Z,TOM4EW,49.962284,-4.824111,19325,499,45
1665924682,2022-10-16T12:51:22Z,TOM4EW,50.059017,-4.672159,16450,484,45
1665924716,2022-10-16T12:51:56Z,TOM4EW,50.111206,-4.589756,15000,470,45
1665924749,2022-10-16T12:52:29Z,TOM4EW,50.160408,-4.512486,13950,449,45
1665924782,2022-10-16T12:53:02Z,TOM4EW,50.20454,-4.442782,12800,432,45
1665924815,2022-10-16T12:53:35Z,TOM4EW,50.253094,-4.365952,11425,422,45
1665924827,2022-10-16T12:53:47Z,TOM4EW,50.268734,-4.340936,10800,421,45
1665924839,2022-10-16T12:53:59Z,TOM4EW,50.285934,-4.31329,10275,420,45
1665924851,2022-10-16T12:54:11Z,TOM4EW,50.302139,-4.28727,9725,419,45
1665924863,2022-10-16T12:54:23Z,TOM4EW,50.318405,-4.26121,9225,415,45
1665924875,2022-10-16T12:54:35Z,TOM4EW,50.334141,-4.236046,8725,412,45
1665924887,2022-10-16T12:54:47Z,TOM4EW,50.349968,-4.21051,8325,408,45
1665924898,2022-10-16T12:54:58Z,TOM4EW,50.364586,-4.187053,8150,399,45
1665924910,2022-10-16T12:55:10Z,TOM4EW,50.379482,-4.162631,8000,385,46
1665924922,2022-10-16T12:55:22Z,TOM4EW,50.393543,-4.139174,7850,372,46
1665924937,2022-10-16T12:55:37Z,TOM4EW,50.409027,-4.113296,7650,361,46
1665924949,2022-10-16T12:55:49Z,TOM4EW,50.424728,-4.087203,7150,358,47
1665924961,2022-10-16T12:56:01Z,TOM4EW,50.438324,-4.064002,6725,354,47
1665924973,2022-10-16T12:56:13Z,TOM4EW,50.448895,-4.045567,6425,345,48
1665924985,2022-10-16T12:56:25Z,TOM4EW,50.463276,-4.020402,6175,338,48
1665924997,2022-10-16T12:56:37Z,TOM4EW,50.475708,-3.998281,5950,324,48
1665925009,2022-10-16T12:56:49Z,TOM4EW,50.487251,-3.977496,5800,316,48
1665925021,2022-10-16T12:57:01Z,TOM4EW,50.498337,-3.958041,5650,304,47
1665925033,2022-10-16T12:57:13Z,TOM4EW,50.509781,-3.938743,5425,295,46
1665925045,2022-10-16T12:57:25Z,TOM4EW,50.521088,-3.920023,5175,289,46
1665925057,2022-10-16T12:57:37Z,TOM4EW,50.532028,-3.902098,4975,281,46
1665925063,2022-10-16T12:57:43Z,TOM4EW,50.537338,-3.893352,4925,276,46
1665925073,2022-10-16T12:57:53Z,TOM4EW,50.543766,-3.882776,4825,269,46
1665925079,2022-10-16T12:57:59Z,TOM4EW,50.549377,-3.87362,4725,264,46
1665925084,2022-10-16T12:58:04Z,TOM4EW,50.554825,-3.864658,4675,261,46
1665925091,2022-10-16T12:58:11Z,TOM4EW,50.55867,-3.858297,4600,256,46
1665925100,2022-10-16T12:58:20Z,TOM4EW,50.567459,-3.843914,4525,249,45
1665925106,2022-10-16T12:58:26Z,TOM4EW,50.57222,-3.836325,4475,244,45
1665925112,2022-10-16T12:58:32Z,TOM4EW,50.576843,-3.82888,4450,239,45
1665925117,2022-10-16T12:58:37Z,TOM4EW,50.581238,-3.821869,4400,233,45
1665925124,2022-10-16T12:58:44Z,TOM4EW,50.584717,-3.816376,4325,227,44
1665925130,2022-10-16T12:58:50Z,TOM4EW,50.590393,-3.807558,4275,222,44
1665925136,2022-10-16T12:58:56Z,TOM4EW,50.594284,-3.801486,4200,215,44
1665925141,2022-10-16T12:59:01Z,TOM4EW,50.598541,-3.794692,4125,210,45
1665925148,2022-10-16T12:59:08Z,TOM4EW,50.602795,-3.787982,4025,208,45
1665925154,2022-10-16T12:59:14Z,TOM4EW,50.60582,-3.783305,3950,203,44
1665925159,2022-10-16T12:59:19Z,TOM4EW,50.608845,-3.778629,3950,198,43
1665925166,2022-10-16T12:59:26Z,TOM4EW,50.61462,-3.769795,3900,194,44
1665925172,2022-10-16T12:59:32Z,TOM4EW,50.618484,-3.763931,3850,192,44
1665925178,2022-10-16T12:59:38Z,TOM4EW,50.622162,-3.758336,3800,190,44
1665925184,2022-10-16T12:59:44Z,TOM4EW,50.62579,-3.752944,3750,189,42
1665925189,2022-10-16T12:59:49Z,TOM4EW,50.629395,-3.747639,3675,188,43
1665925197,2022-10-16T12:59:57Z,TOM4EW,50.634521,-3.739905,3575,186,43
1665925205,2022-10-16T13:00:05Z,TOM4EW,50.638596,-3.733762,3500,185,43
1665925214,2022-10-16T13:00:14Z,TOM4EW,50.644501,-3.725016,3500,183,43
1665925222,2022-10-16T13:00:22Z,TOM4EW,50.649765,-3.717091,3500,183,43
1665925229,2022-10-16T13:00:29Z,TOM4EW,50.653862,-3.710929,3525,184,43
1665925235,2022-10-16T13:00:35Z,TOM4EW,50.657684,-3.705284,3525,185,42
1665925241,2022-10-16T13:00:41Z,TOM4EW,50.661495,-3.69972,3525,184,43
1665925247,2022-10-16T13:00:47Z,TOM4EW,50.665329,-3.693936,3525,181,43
1665925252,2022-10-16T13:00:52Z,TOM4EW,50.667572,-3.690539,3500,182,44
1665925259,2022-10-16T13:00:59Z,TOM4EW,50.672607,-3.683018,3475,183,43
1665925265,2022-10-16T13:01:05Z,TOM4EW,50.676178,-3.677599,3425,184,43
1665925270,2022-10-16T13:01:10Z,TOM4EW,50.679062,-3.673368,3400,186,43
1665925277,2022-10-16T13:01:17Z,TOM4EW,50.683914,-3.666242,3350,186,43
1665925283,2022-10-16T13:01:23Z,TOM4EW,50.687195,-3.661194,3275,186,47
1665925286,2022-10-16T13:01:26Z,TOM4EW,50.689102,-3.657532,3200,185,52
1665925289,2022-10-16T13:01:29Z,TOM4EW,50.69046,-3.654142,3125,184,56
1665925291,2022-10-16T13:01:31Z,TOM4EW,50.69157,-3.651276,3075,183,58
1665925294,2022-10-16T13:01:34Z,TOM4EW,50.692932,-3.647832,3025,184,58
1665925298,2022-10-16T13:01:38Z,TOM4EW,50.694736,-3.643417,2950,185,57
1665925302,2022-10-16T13:01:42Z,TOM4EW,50.696457,-3.638992,2900,184,58
1665925306,2022-10-16T13:01:46Z,TOM4EW,50.698013,-3.634767,2825,184,60
1665925310,2022-10-16T13:01:50Z,TOM4EW,50.699478,-3.629868,2775,182,65
1665925313,2022-10-16T13:01:53Z,TOM4EW,50.700275,-3.626785,2725,181,65
1665925316,2022-10-16T13:01:56Z,TOM4EW,50.700851,-3.6243,2700,177,69
1665925317,2022-10-16T13:01:57Z,TOM4EW,50.701355,-3.622148,2675,178,69
1665925321,2022-10-16T13:02:01Z,TOM4EW,50.702602,-3.61618,2625,175,72
1665925324,2022-10-16T13:02:04Z,TOM4EW,50.703159,-3.613129,2600,174,73
1665925327,2022-10-16T13:02:07Z,TOM4EW,50.703918,-3.608712,2550,175,75
1665925330,2022-10-16T13:02:10Z,TOM4EW,50.704514,-3.605149,2500,176,76
1665925333,2022-10-16T13:02:13Z,TOM4EW,50.704926,-3.602254,2450,175,76
1665925336,2022-10-16T13:02:16Z,TOM4EW,50.705627,-3.597565,2400,175,76
1665925339,2022-10-16T13:02:19Z,TOM4EW,50.705906,-3.59581,2350,175,76
1665925341,2022-10-16T13:02:21Z,TOM4EW,50.706326,-3.592682,2325,175,77
1665925345,2022-10-16T13:02:25Z,TOM4EW,50.707165,-3.586502,2225,175,77
1665925348,2022-10-16T13:02:28Z,TOM4EW,50.707676,-3.582611,2175,175,78
1665925351,2022-10-16T13:02:31Z,TOM4EW,50.708084,-3.57939,2150,174,78
1665925354,2022-10-16T13:02:34Z,TOM4EW,50.708633,-3.575382,2100,171,78
1665925360,2022-10-16T13:02:40Z,TOM4EW,50.709587,-3.568649,2050,166,77
1665925366,2022-10-16T13:02:46Z,TOM4EW,50.710609,-3.561707,1950,163,76
1665925372,2022-10-16T13:02:52Z,TOM4EW,50.711773,-3.554382,1850,162,75
1665925378,2022-10-16T13:02:58Z,TOM4EW,50.712891,-3.547516,1750,161,75
1665925384,2022-10-16T13:03:04Z,TOM4EW,50.714081,-3.540641,1650,159,74
1665925390,2022-10-16T13:03:10Z,TOM4EW,50.715172,-3.53447,1575,155,74
1665925396,2022-10-16T13:03:16Z,TOM4EW,50.716381,-3.527908,1500,151,73
1665925402,2022-10-16T13:03:22Z,TOM4EW,50.717422,-3.521415,1400,149,76
1665925408,2022-10-16T13:03:28Z,TOM4EW,50.718384,-3.515254,1350,145,75
1665925414,2022-10-16T13:03:34Z,TOM4EW,50.719391,-3.509241,1300,140,75
1665925420,2022-10-16T13:03:40Z,TOM4EW,50.720341,-3.503265,1225,139,75
1665925426,2022-10-16T13:03:46Z,TOM4EW,50.721268,-3.497364,1125,138,76
1665925432,2022-10-16T13:03:52Z,TOM4EW,50.722107,-3.491592,1050,138,77
1665925438,2022-10-16T13:03:58Z,TOM4EW,50.722992,-3.48587,950,139,75
1665925444,2022-10-16T13:04:04Z,TOM4EW,50.723923,-3.479994,900,136,75
1665925450,2022-10-16T13:04:10Z,TOM4EW,50.724808,-3.47435,825,134,76
1665925456,2022-10-16T13:04:16Z,TOM4EW,50.725693,-3.468399,775,136,77
1665925462,2022-10-16T13:04:22Z,TOM4EW,50.726624,-3.462601,675,137,75
1665925468,2022-10-16T13:04:28Z,TOM4EW,50.727554,-3.456802,600,137,75
1665925474,2022-10-16T13:04:34Z,TOM4EW,50.728485,-3.451004,525,136,75
1665925480,2022-10-16T13:04:40Z,TOM4EW,50.729462,-3.445179,450,138,75
1665925486,2022-10-16T13:04:46Z,TOM4EW,50.730392,-3.439026,375,138,76
1665925492,2022-10-16T13:04:52Z,TOM4EW,50.731232,-3.433609,325,136,76
1665925497,2022-10-16T13:04:57Z,TOM4EW,50.732025,-3.428192,250,137,76
1665925508,2022-10-16T13:05:08Z,TOM4EW,50.733582,-3.41853,150,131,74
1665925517,2022-10-16T13:05:17Z,TOM4EW,50.73468,-3.411552,150,94,74
1665925525,2022-10-16T13:05:25Z,TOM4EW,50.735241,-3.40784,0,59,78
1665925532,2022-10-16T13:05:32Z,TOM4EW,50.73563,-3.405304,0,51,75
1665925538,2022-10-16T13:05:38Z,TOM4EW,50.735928,-3.403349,0,39,75
1665925544,2022-10-16T13:05:44Z,TOM4EW,50.736145,-3.402004,0,29,75
1665925549,2022-10-16T13:05:49Z,TOM4EW,50.736271,-3.401215,0,21,75
1665925552,2022-10-16T13:05:52Z,TOM4EW,50.736294,-3.40086,0,19,84
1665925554,2022-10-16T13:05:54Z,TOM4EW,50.736294,-3.400555,0,18,95
1665925557,2022-10-16T13:05:57Z,TOM4EW,50.736248,-3.40025,0,16,104
1665925560,2022-10-16T13:06:00Z,TOM4EW,50.736191,-3.399982,0,13,106
1665925563,2022-10-16T13:06:03Z,TOM4EW,50.736168,-3.399767,0,9,92
1665925570,2022-10-16T13:06:10Z,TOM4EW,50.736385,-3.399601,0,8,5
1665925575,2022-10-16T13:06:15Z,TOM4EW,50.736465,-3.399823,0,7,303
1665925579,2022-10-16T13:06:19Z,TOM4EW,50.736458,-3.40004,0,7,272
1665925583,2022-10-16T13:06:23Z,TOM4EW,50.736412,-3.400269,0,8,255
1665925588,2022-10-16T13:06:28Z,TOM4EW,50.736362,-3.400547,0,10,255
1665925590,2022-10-16T13:06:30Z,TOM4EW,50.736328,-3.400807,0,12,255
1665925593,2022-10-16T13:06:33Z,TOM4EW,50.736282,-3.401108,0,14,255
1665925595,2022-10-16T13:06:35Z,TOM4EW,50.736237,-3.401356,0,16,255
1665925601,2022-10-16T13:06:41Z,TOM4EW,50.736111,-3.402199,0,21,255
1665925608,2022-10-16T13:06:48Z,TOM4EW,50.735939,-3.403275,0,23,255
1665925615,2022-10-16T13:06:55Z,TOM4EW,50.735756,-3.404481,0,24,255
1665925626,2022-10-16T13:07:06Z,TOM4EW,50.735424,-3.406541,0,26,253
1665925638,2022-10-16T13:07:18Z,TOM4EW,50.735096,-3.408966,0,27,255
1665925646,2022-10-16T13:07:26Z,TOM4EW,50.734898,-3.410141,0,18,250
1665925651,2022-10-16T13:07:31Z,TOM4EW,50.734772,-3.410511,0,13,233
1665925655,2022-10-16T13:07:35Z,TOM4EW,50.734543,-3.410605,0,12,194
1665925660,2022-10-16T13:07:40Z,TOM4EW,50.734318,-3.410568,0,10,174
1665925669,2022-10-16T13:07:49Z,TOM4EW,50.733826,-3.410492,0,12,171
1665925688,2022-10-16T13:08:08Z,TOM4EW,50.732758,-3.410568,0,10,194
1665925695,2022-10-16T13:08:15Z,TOM4EW,50.732483,-3.41081,0,9,216
1665925699,2022-10-16T13:08:19Z,TOM4EW,50.73238,-3.411032,0,10,230
1665925705,2022-10-16T13:08:25Z,TOM4EW,50.732254,-3.411478,0,11,247
1665925708,2022-10-16T13:08:28Z,TOM4EW,50.732208,-3.4117,0,12,250
1665925712,2022-10-16T13:08:32Z,TOM4EW,50.732151,-3.412053,0,13,253
1665925717,2022-10-16T13:08:37Z,TOM4EW,50.732071,-3.412535,0,14,255
1665925720,2022-10-16T13:08:40Z,TOM4EW,50.732059,-3.412832,0,14,264
1665925724,2022-10-16T13:08:44Z,TOM4EW,50.732059,-3.413296,0,14,270
1665925729,2022-10-16T13:08:49Z,TOM4EW,50.732059,-3.41376,0,15,270
1665925732,2022-10-16T13:08:52Z,TOM4EW,50.732059,-3.414078,0,15,270
1665925748,2022-10-16T13:09:08Z,TOM4EW,50.732082,-3.415412,0,9,270
